
{
  "header": {
    "reportVersion": 1,
    "event": "Allocation failed - JavaScript heap out of memory",
    "trigger": "FatalError",
    "filename": "report.20220817.091421.13896.0.001.json",
    "dumpEventTime": "2022-08-17T09:14:21Z",
    "dumpEventTimeStamp": "1660716861826",
    "processId": 13896,
    "cwd": "C:\\Users\\runfm\\source\\repos\\Vue3 TS Sandbox\\Vue3 TS Sandbox\\ts3",
    "commandLine": [
      "C:\\Program Files\\nodejs\\node.exe",
      "C:\\Users\\runfm\\source\\repos\\Vue3 TS Sandbox\\Vue3 TS Sandbox\\ts3\\node_modules\\.bin/../@vue/cli-service/bin/vue-cli-service.js",
      "test:unit"
    ],
    "nodejsVersion": "v12.15.0",
    "wordSize": 64,
    "arch": "x64",
    "platform": "win32",
    "componentVersions": {
      "node": "12.15.0",
      "v8": "7.7.299.13-node.16",
      "uv": "1.33.1",
      "zlib": "1.2.11",
      "brotli": "1.0.7",
      "ares": "1.15.0",
      "modules": "72",
      "nghttp2": "1.40.0",
      "napi": "5",
      "llhttp": "2.0.4",
      "http_parser": "2.9.3",
      "openssl": "1.1.1d",
      "cldr": "35.1",
      "icu": "64.2",
      "tz": "2019c",
      "unicode": "12.1"
    },
    "release": {
      "name": "node",
      "lts": "Erbium",
      "headersUrl": "https://nodejs.org/download/release/v12.15.0/node-v12.15.0-headers.tar.gz",
      "sourceUrl": "https://nodejs.org/download/release/v12.15.0/node-v12.15.0.tar.gz",
      "libUrl": "https://nodejs.org/download/release/v12.15.0/win-x64/node.lib"
    },
    "osName": "Windows_NT",
    "osRelease": "10.0.19044",
    "osVersion": "Windows 10 Home",
    "osMachine": "x86_64",
    "cpus": [
      {
        "model": "Intel(R) Core(TM) i7-6700K CPU @ 4.00GHz",
        "speed": 4008,
        "user": 1613609,
        "nice": 0,
        "sys": 1721109,
        "idle": 43065640,
        "irq": 459218
      },
      {
        "model": "Intel(R) Core(TM) i7-6700K CPU @ 4.00GHz",
        "speed": 4008,
        "user": 1087453,
        "nice": 0,
        "sys": 440218,
        "idle": 44872687,
        "irq": 18359
      },
      {
        "model": "Intel(R) Core(TM) i7-6700K CPU @ 4.00GHz",
        "speed": 4008,
        "user": 3044125,
        "nice": 0,
        "sys": 1084140,
        "idle": 42271953,
        "irq": 15546
      },
      {
        "model": "Intel(R) Core(TM) i7-6700K CPU @ 4.00GHz",
        "speed": 4008,
        "user": 1358265,
        "nice": 0,
        "sys": 487515,
        "idle": 44554421,
        "irq": 5250
      },
      {
        "model": "Intel(R) Core(TM) i7-6700K CPU @ 4.00GHz",
        "speed": 4008,
        "user": 1850734,
        "nice": 0,
        "sys": 876671,
        "idle": 43672796,
        "irq": 16859
      },
      {
        "model": "Intel(R) Core(TM) i7-6700K CPU @ 4.00GHz",
        "speed": 4008,
        "user": 1311359,
        "nice": 0,
        "sys": 555421,
        "idle": 44533437,
        "irq": 7328
      },
      {
        "model": "Intel(R) Core(TM) i7-6700K CPU @ 4.00GHz",
        "speed": 4008,
        "user": 1989875,
        "nice": 0,
        "sys": 768296,
        "idle": 43642046,
        "irq": 12875
      },
      {
        "model": "Intel(R) Core(TM) i7-6700K CPU @ 4.00GHz",
        "speed": 4008,
        "user": 1582093,
        "nice": 0,
        "sys": 713578,
        "idle": 44104546,
        "irq": 9203
      }
    ],
    "networkInterfaces": [
      {
        "name": "Ethernet",
        "internal": false,
        "mac": "2c:4d:54:55:eb:17",
        "address": "fe80::e8fa:7032:c3e9:b26a",
        "netmask": "ffff:ffff:ffff:ffff::",
        "family": "IPv6",
        "scopeid": 16
      },
      {
        "name": "Ethernet",
        "internal": false,
        "mac": "2c:4d:54:55:eb:17",
        "address": "192.168.3.6",
        "netmask": "255.255.255.0",
        "family": "IPv4"
      },
      {
        "name": "Loopback Pseudo-Interface 1",
        "internal": true,
        "mac": "00:00:00:00:00:00",
        "address": "::1",
        "netmask": "ffff:ffff:ffff:ffff:ffff:ffff:ffff:ffff",
        "family": "IPv6",
        "scopeid": 0
      },
      {
        "name": "Loopback Pseudo-Interface 1",
        "internal": true,
        "mac": "00:00:00:00:00:00",
        "address": "127.0.0.1",
        "netmask": "255.0.0.0",
        "family": "IPv4"
      }
    ],
    "host": "DESKTOP-LL90F66"
  },
  "javascriptStack": {
    "message": "No stack.",
    "stack": [
      "Unavailable."
    ]
  },
  "nativeStack": [
    {
      "pc": "0x00007ff704271759",
      "symbol": "std::basic_ostream<char,std::char_traits<char> >::operator<<+10873"
    },
    {
      "pc": "0x00007ff704275b7c",
      "symbol": "std::basic_ostream<char,std::char_traits<char> >::operator<<+28316"
    },
    {
      "pc": "0x00007ff704274b38",
      "symbol": "std::basic_ostream<char,std::char_traits<char> >::operator<<+24152"
    },
    {
      "pc": "0x00007ff70436446b",
      "symbol": "v8::base::CPU::has_sse+37723"
    },
    {
      "pc": "0x00007ff704b68d9e",
      "symbol": "v8::Isolate::ReportExternalAllocationLimitReached+94"
    },
    {
      "pc": "0x00007ff704b50de1",
      "symbol": "v8::SharedArrayBuffer::Externalize+833"
    },
    {
      "pc": "0x00007ff704a1e6ac",
      "symbol": "v8::internal::Heap::EphemeronKeyWriteBarrierFromCode+1436"
    },
    {
      "pc": "0x00007ff704a29a50",
      "symbol": "v8::internal::Heap::ProtectUnprotectedMemoryChunks+1312"
    },
    {
      "pc": "0x00007ff704a26584",
      "symbol": "v8::internal::Heap::PageFlagsAreConsistent+3204"
    },
    {
      "pc": "0x00007ff704a1be13",
      "symbol": "v8::internal::Heap::CollectGarbage+1283"
    },
    {
      "pc": "0x00007ff704a1a5e4",
      "symbol": "v8::internal::Heap::AddRetainedMap+2356"
    },
    {
      "pc": "0x00007ff704a3b8b5",
      "symbol": "v8::internal::Factory::NewFillerObject+53"
    },
    {
      "pc": "0x00007ff7047a7b89",
      "symbol": "v8::internal::interpreter::JumpTableTargetOffsets::iterator::operator=+4057"
    },
    {
      "pc": "0x00007ff704f94d3d",
      "symbol": "v8::internal::SetupIsolateDelegate::SetupHeap+567949"
    },
    {
      "pc": "0x00000197077e78e4",
      "symbol": ""
    }
  ],
  "javascriptHeap": {
    "totalMemory": 2161160192,
    "totalCommittedMemory": 2161160192,
    "usedMemory": 2142243344,
    "availableMemory": 47681768,
    "memoryLimit": 2197815296,
    "heapSpaces": {
      "read_only_space": {
        "memorySize": 262144,
        "committedMemory": 262144,
        "capacity": 261872,
        "used": 32296,
        "available": 229576
      },
      "new_space": {
        "memorySize": 12582912,
        "committedMemory": 12582912,
        "capacity": 6284928,
        "used": 1911376,
        "available": 4373552
      },
      "old_space": {
        "memorySize": 2074980352,
        "committedMemory": 2074980352,
        "capacity": 2068486520,
        "used": 2068347912,
        "available": 138608
      },
      "code_space": {
        "memorySize": 2523136,
        "committedMemory": 2523136,
        "capacity": 1906912,
        "used": 1906912,
        "available": 0
      },
      "map_space": {
        "memorySize": 2887680,
        "committedMemory": 2887680,
        "capacity": 2360560,
        "used": 2360560,
        "available": 0
      },
      "large_object_space": {
        "memorySize": 67874816,
        "committedMemory": 67874816,
        "capacity": 67680736,
        "used": 67680736,
        "available": 0
      },
      "code_large_object_space": {
        "memorySize": 49152,
        "committedMemory": 49152,
        "capacity": 3552,
        "used": 3552,
        "available": 0
      },
      "new_large_object_space": {
        "memorySize": 0,
        "committedMemory": 0,
        "capacity": 6284928,
        "used": 0,
        "available": 6284928
      }
    }
  },
  "resourceUsage": {
    "userCpuSeconds": 89.859,
    "kernelCpuSeconds": 2.578,
    "cpuConsumptionPercent": 188.647,
    "maxRss": 2249302016,
    "pageFaults": {
      "IORequired": 763596,
      "IONotRequired": 0
    },
    "fsActivity": {
      "reads": 4716,
      "writes": 22
    }
  },
  "libuv": [
  ],
  "environmentVariables": {
    "ALLUSERSPROFILE": "C:\\ProgramData",
    "APPDATA": "C:\\Users\\runfm\\AppData\\Roaming",
    "BABEL_ENV": "test",
    "ChocolateyInstall": "C:\\ProgramData\\chocolatey",
    "ChocolateyLastPathUpdate": "132256196669003428",
    "CHROME_CRASHPAD_PIPE_NAME": "\\\\.\\pipe\\crashpad_8972_HBMLDFHKNKMCJVVQ",
    "CommonProgramFiles": "C:\\Program Files\\Common Files",
    "CommonProgramFiles(x86)": "C:\\Program Files (x86)\\Common Files",
    "CommonProgramW6432": "C:\\Program Files\\Common Files",
    "COMPUTERNAME": "DESKTOP-LL90F66",
    "ComSpec": "C:\\WINDOWS\\system32\\cmd.exe",
    "DriverData": "C:\\Windows\\System32\\Drivers\\DriverData",
    "FPS_BROWSER_APP_PROFILE_STRING": "Internet Explorer",
    "FPS_BROWSER_USER_PROFILE_STRING": "Default",
    "HOMEDRIVE": "C:",
    "HOMEPATH": "\\Users\\runfm",
    "JEST_WORKER_ID": "1",
    "LOCALAPPDATA": "C:\\Users\\runfm\\AppData\\Local",
    "LOGONSERVER": "\\\\DESKTOP-LL90F66",
    "NODE_ENV": "test",
    "NUMBER_OF_PROCESSORS": "8",
    "OneDrive": "C:\\Users\\runfm\\OneDrive",
    "ORIGINAL_XDG_CURRENT_DESKTOP": "undefined",
    "OS": "Windows_NT",
    "Path": "C:\\Users\\runfm\\.dotnet\\tools\\.store\\powershell\\6.2.4\\powershell\\6.2.4\\tools\\netcoreapp2.1\\any\\win;C:\\Program Files (x86)\\NVIDIA Corporation\\PhysX\\Common;C:\\Python27\\;C:\\Python27\\Scripts;C:\\Program Files (x86)\\Common Files\\Oracle\\Java\\javapath;C:\\Windows\\system32;C:\\Windows;C:\\Windows\\System32\\Wbem;C:\\Windows\\System32\\WindowsPowerShell\\v1.0\\;C:\\Windows\\System32\\OpenSSH\\;C:\\Program Files\\Microsoft SQL Server\\130\\Tools\\Binn\\;C:\\Program Files\\Microsoft SQL Server\\Client SDK\\ODBC\\170\\Tools\\Binn\\;C:\\Program Files\\nodejs\\;C:\\ProgramData\\chocolatey\\bin;C:\\WINDOWS\\system32;C:\\WINDOWS;C:\\WINDOWS\\System32\\Wbem;C:\\WINDOWS\\System32\\WindowsPowerShell\\v1.0\\;C:\\WINDOWS\\System32\\OpenSSH\\;C:\\Program Files\\dotnet\\;C:\\Program Files\\Git\\cmd;C:\\Program Files (x86)\\Microsoft SQL Server\\150\\Tools\\Binn\\;C:\\Program Files\\Microsoft SQL Server\\150\\Tools\\Binn\\;C:\\Program Files (x86)\\Microsoft SQL Server\\150\\DTS\\Binn\\;C:\\Program Files\\Microsoft SQL Server\\150\\DTS\\Binn\\;C:\\Program Files\\Azure Data Studio\\bin;C:\\Users\\runfm\\AppData\\Local\\Programs\\Python\\Python310\\Scripts\\;C:\\Users\\runfm\\AppData\\Local\\Programs\\Python\\Python310\\;C:\\Users\\runfm\\AppData\\Local\\Microsoft\\WindowsApps;;C:\\Users\\runfm\\AppData\\Local\\Programs\\Microsoft VS Code\\bin;C:\\Users\\runfm\\AppData\\Roaming\\npm;C:\\Users\\runfm\\.dotnet\\tools;C:\\Users\\runfm\\AppData\\Local\\Microsoft\\WindowsApps;C:\\Users\\runfm\\.dotnet\\tools;C:\\Program Files\\Azure Data Studio\\bin",
    "PATHEXT": ".COM;.EXE;.BAT;.CMD;.VBS;.VBE;.JS;.JSE;.WSF;.WSH;.MSC",
    "PROCESSOR_ARCHITECTURE": "AMD64",
    "PROCESSOR_IDENTIFIER": "Intel64 Family 6 Model 94 Stepping 3, GenuineIntel",
    "PROCESSOR_LEVEL": "6",
    "PROCESSOR_REVISION": "5e03",
    "ProgramData": "C:\\ProgramData",
    "ProgramFiles": "C:\\Program Files",
    "ProgramFiles(x86)": "C:\\Program Files (x86)",
    "ProgramW6432": "C:\\Program Files",
    "PSModulePath": "C:\\Users\\runfm\\Documents\\PowerShell\\Modules;C:\\Program Files\\PowerShell\\Modules;c:\\users\\runfm\\.dotnet\\tools\\.store\\powershell\\6.2.4\\powershell\\6.2.4\\tools\\netcoreapp2.1\\any\\win\\Modules;C:\\WINDOWS\\system32\\WindowsPowerShell\\v1.0\\Modules",
    "PUBLIC": "C:\\Users\\Public",
    "SESSIONNAME": "Console",
    "SystemDrive": "C:",
    "SystemRoot": "C:\\WINDOWS",
    "TEMP": "C:\\Users\\runfm\\AppData\\Local\\Temp",
    "TMP": "C:\\Users\\runfm\\AppData\\Local\\Temp",
    "TS_JEST": "1",
    "USERDOMAIN": "DESKTOP-LL90F66",
    "USERDOMAIN_ROAMINGPROFILE": "DESKTOP-LL90F66",
    "USERNAME": "runfm",
    "USERPROFILE": "C:\\Users\\runfm",
    "VUE_CLI_BABEL_TARGET_NODE": "true",
    "VUE_CLI_BABEL_TRANSPILE_MODULES": "true",
    "VUE_CLI_TRANSPILE_BABEL_RUNTIME": "true",
    "windir": "C:\\WINDOWS",
    "__COMPAT_LAYER": "DetectorsAppHealth",
    "TERM_PROGRAM": "vscode",
    "TERM_PROGRAM_VERSION": "1.70.1",
    "LANG": "ru_RU.UTF-8",
    "COLORTERM": "truecolor",
    "GIT_ASKPASS": "c:\\Users\\runfm\\AppData\\Local\\Programs\\Microsoft VS Code\\resources\\app\\extensions\\git\\dist\\askpass.sh",
    "VSCODE_GIT_ASKPASS_NODE": "C:\\Users\\runfm\\AppData\\Local\\Programs\\Microsoft VS Code\\Code.exe",
    "VSCODE_GIT_ASKPASS_EXTRA_ARGS": "--ms-enable-electron-run-as-node",
    "VSCODE_GIT_ASKPASS_MAIN": "c:\\Users\\runfm\\AppData\\Local\\Programs\\Microsoft VS Code\\resources\\app\\extensions\\git\\dist\\askpass-main.js",
    "VSCODE_GIT_IPC_HANDLE": "\\\\.\\pipe\\vscode-git-72315ca5f0-sock",
    "VSCODE_INJECTION": "1"
  },
  "sharedObjects": [
    "C:\\Program Files\\nodejs\\node.exe",
    "C:\\WINDOWS\\SYSTEM32\\ntdll.dll",
    "C:\\WINDOWS\\System32\\KERNEL32.DLL",
    "C:\\WINDOWS\\System32\\KERNELBASE.dll",
    "C:\\WINDOWS\\SYSTEM32\\apphelp.dll",
    "C:\\WINDOWS\\System32\\WS2_32.dll",
    "C:\\WINDOWS\\System32\\RPCRT4.dll",
    "C:\\WINDOWS\\SYSTEM32\\dbghelp.dll",
    "C:\\WINDOWS\\System32\\ADVAPI32.dll",
    "C:\\WINDOWS\\System32\\ucrtbase.dll",
    "C:\\WINDOWS\\System32\\msvcrt.dll",
    "C:\\WINDOWS\\System32\\sechost.dll",
    "C:\\WINDOWS\\System32\\USER32.dll",
    "C:\\WINDOWS\\System32\\win32u.dll",
    "C:\\WINDOWS\\System32\\GDI32.dll",
    "C:\\WINDOWS\\System32\\gdi32full.dll",
    "C:\\WINDOWS\\System32\\msvcp_win.dll",
    "C:\\WINDOWS\\System32\\PSAPI.DLL",
    "C:\\WINDOWS\\System32\\CRYPT32.dll",
    "C:\\WINDOWS\\SYSTEM32\\IPHLPAPI.DLL",
    "C:\\WINDOWS\\System32\\bcrypt.dll",
    "C:\\WINDOWS\\SYSTEM32\\USERENV.dll",
    "C:\\WINDOWS\\SYSTEM32\\WINMM.dll",
    "C:\\WINDOWS\\System32\\IMM32.DLL",
    "C:\\WINDOWS\\SYSTEM32\\powrprof.dll",
    "C:\\WINDOWS\\SYSTEM32\\UMPDC.dll",
    "C:\\WINDOWS\\SYSTEM32\\CRYPTBASE.DLL",
    "C:\\WINDOWS\\system32\\uxtheme.dll",
    "C:\\WINDOWS\\System32\\combase.dll",
    "C:\\WINDOWS\\system32\\mswsock.dll",
    "C:\\WINDOWS\\SYSTEM32\\kernel.appcore.dll",
    "C:\\WINDOWS\\System32\\bcryptprimitives.dll",
    "C:\\WINDOWS\\system32\\napinsp.dll",
    "C:\\WINDOWS\\system32\\pnrpnsp.dll",
    "C:\\WINDOWS\\system32\\wshbth.dll",
    "C:\\WINDOWS\\system32\\NLAapi.dll",
    "C:\\WINDOWS\\SYSTEM32\\DNSAPI.dll",
    "C:\\WINDOWS\\System32\\NSI.dll",
    "C:\\WINDOWS\\System32\\winrnr.dll",
    "C:\\WINDOWS\\SYSTEM32\\dhcpcsvc6.DLL",
    "C:\\WINDOWS\\SYSTEM32\\dhcpcsvc.DLL"
  ]
}